CREATE SCHEMA IF NOT EXISTS VEHICLE_INSURANCE DEFAULT CHARACTER SET utf8 ;
USE VEHICLE_INSURANCE ;

--
-- Table structure for table 'owner'
--
CREATE TABLE IF NOT EXISTS VEHICLE_INSURANCE.owner (
  `owner_id` int(11) NOT NULL,
  `username` varchar(100) NOT NULL,
  `surname` varchar(100) NOT NULL,
  PRIMARY KEY (`owner_id`)
) ENGINE=InnoDB DEFAULT CHARSET=utf8;

--
-- Dumping data for table 'owner'
--
LOCK TABLES VEHICLE_INSURANCE.owner WRITE;
INSERT INTO VEHICLE_INSURANCE.owner VALUES (121722759,'NAME','SURNAME'),(124396681,'NAME','SURNAME'),(135831262,'NAME','SURNAME'),(157263235,'NAME','SURNAME'),(165868577,'NAME','SURNAME'),(172597757,'NAME','SURNAME'),(173757962,'NAME','SURNAME'),(198348482,'NAME','SURNAME'),(218855875,'NAME','SURNAME'),(234872587,'NAME','SURNAME'),(235375176,'NAME','SURNAME'),(238853296,'NAME','SURNAME'),(269694388,'NAME','SURNAME'),(269948358,'NAME','SURNAME'),(273585751,'NAME','SURNAME'),(273692696,'NAME','SURNAME'),(274221338,'NAME','SURNAME'),(274474213,'NAME','SURNAME'),(275157765,'NAME','SURNAME'),(284882531,'NAME','SURNAME'),(285976844,'NAME','SURNAME'),(338772452,'NAME','SURNAME'),(352728664,'NAME','SURNAME'),(356233876,'NAME','SURNAME'),(363353577,'NAME','SURNAME'),(397235274,'NAME','SURNAME'),(418586227,'NAME','SURNAME'),(431598952,'NAME','SURNAME'),(435769937,'NAME','SURNAME'),(436886962,'NAME','SURNAME'),(462371248,'NAME','SURNAME'),(477278314,'NAME','SURNAME'),(478271732,'NAME','SURNAME'),(479847686,'NAME','SURNAME'),(482689558,'NAME','SURNAME'),(483371662,'NAME','SURNAME'),(489438135,'NAME','SURNAME'),(517382636,'NAME','SURNAME'),(546441243,'NAME','SURNAME'),(554428533,'NAME','SURNAME'),(563757688,'NAME','SURNAME'),(567347463,'NAME','SURNAME'),(568687564,'NAME','SURNAME'),(573196555,'NAME','SURNAME'),(584635543,'NAME','SURNAME'),(591712381,'NAME','SURNAME'),(598569673,'NAME','SURNAME'),(614634335,'NAME','SURNAME'),(617552736,'NAME','SURNAME'),(623437783,'NAME','SURNAME'),(625563245,'NAME','SURNAME'),(632825377,'NAME','SURNAME'),(642412445,'NAME','SURNAME'),(645856447,'NAME','SURNAME'),(647628227,'NAME','SURNAME'),(649537453,'NAME','SURNAME'),(652583685,'NAME','SURNAME'),(653132338,'NAME','SURNAME'),(653341121,'NAME','SURNAME'),(653558773,'NAME','SURNAME'),(659244578,'NAME','SURNAME'),(662262784,'NAME','SURNAME'),(663437535,'NAME','SURNAME'),(667762123,'NAME','SURNAME'),(674979774,'NAME','SURNAME'),(675987857,'NAME','SURNAME'),(678351696,'NAME','SURNAME'),(683433862,'NAME','SURNAME'),(722636846,'NAME','SURNAME'),(726641673,'NAME','SURNAME'),(732622633,'NAME','SURNAME'),(736649871,'NAME','SURNAME'),(744477362,'NAME','SURNAME'),(746344754,'NAME','SURNAME'),(746368515,'NAME','SURNAME'),(746745952,'NAME','SURNAME'),(752776636,'NAME','SURNAME'),(755147888,'NAME','SURNAME'),(759863592,'NAME','SURNAME'),(768227626,'NAME','SURNAME'),(772259269,'NAME','SURNAME'),(785276352,'NAME','SURNAME'),(818386667,'NAME','SURNAME'),(836788715,'NAME','SURNAME'),(842327564,'NAME','SURNAME'),(851394267,'NAME','SURNAME'),(857629321,'NAME','SURNAME'),(857773627,'NAME','SURNAME'),(858949495,'NAME','SURNAME'),(865832383,'NAME','SURNAME'),(875447484,'NAME','SURNAME'),(883242245,'NAME','SURNAME'),(885481379,'NAME','SURNAME'),(885543168,'NAME','SURNAME'),(946484452,'NAME','SURNAME'),(964141136,'NAME','SURNAME'),(978253249,'NAME','SURNAME'),(981295678,'NAME','SURNAME'),(984168537,'NAME','SURNAME');
UNLOCK TABLES;

--
-- Table structure for table 'insurance'
--
CREATE TABLE IF NOT EXISTS VEHICLE_INSURANCE.insurance (
  `insurance_id` int(11) NOT NULL,
  `expiry_date` varchar(100) NOT NULL,
  PRIMARY KEY (`insurance_id`)
) ENGINE=InnoDB DEFAULT CHARSET=utf8;

--
-- Dumping data for table 'insurance'
--
LOCK TABLES VEHICLE_INSURANCE.insurance WRITE;
INSERT INTO VEHICLE_INSURANCE.insurance VALUES (1,'30/3/2020'),(2,'17/5/2020'),(3,'16/11/2020'),(4,'28/11/2020'),(5,'31/11/2020'),(6,'17/12/2020'),(7,'6/12/2020'),(8,'24/6/2020'),(9,'24/12/2020'),(10,'14/3/2020'),(11,'31/10/2020'),(12,'22/12/2020'),(13,'2/6/2020'),(14,'17/12/2020'),(15,'30/02/2020'),(16,'2/6/2020'),(17,'27/2/2020'),(18,'30/8/2020'),(19,'30/12/2020'),(20,'5/6/2020'),(21,'30/4/2020'),(22,'31/11/2020'),(23,'8/9/2020'),(24,'30/6/2020'),(25,'30/11/2020'),(26,'15/11/2020'),(27,'15/8/2020'),(28,'13/4/2020'),(29,'30/11/2020'),(30,'29/7/2020'),(31,'3/11/2020'),(32,'31/06/2020'),(33,'31/12/2020'),(34,'24/11/2020'),(35,'9/1/2020'),(36,'31/04/2020'),(37,'25/10/2020'),(38,'30/11/2020'),(39,'30/11/2020'),(40,'14/2/2020'),(41,'13/4/2020'),(42,'2/3/2020'),(43,'2/3/2020'),(44,'8/12/2020'),(45,'8/10/2020'),(46,'6/11/2020'),(47,'18/10/2020'),(48,'30/4/2020'),(49,'6/11/2020'),(50,'2/5/2020'),(51,'31/11/2020'),(52,'2/10/2020'),(53,'30/4/2020'),(54,'21/10/2020'),(55,'30/12/2020'),(56,'12/6/2020'),(57,'18/3/2020'),(58,'30/8/2020'),(59,'5/12/2020'),(60,'30/12/2020'),(61,'23/2/2020'),(62,'27/3/2020'),(63,'31/12/2020'),(64,'30/10/2020'),(65,'5/9/2020'),(66,'9/11/2020'),(67,'12/12/2020'),(68,'1/12/2020'),(69,'10/4/2020'),(70,'31/7/2020'),(71,'28/1/2020'),(72,'30/9/2020'),(73,'30/11/2020'),(74,'5/2/2020'),(75,'30/6/2020'),(76,'30/7/2020'),(77,'4/7/2020'),(78,'2/11/2020'),(79,'6/10/2020'),(80,'4/11/2020'),(81,'31/09/2020'),(82,'31/12/2020'),(83,'30/12/2020'),(84,'31/12/2020'),(85,'31/7/2020'),(86,'1/10/2020'),(87,'9/2/2020'),(88,'17/11/2020'),(89,'31/3/2020'),(90,'8/12/2020'),(91,'5/4/2020'),(92,'30/4/2020'),(93,'18/8/2020'),(94,'16/3/2020'),(95,'7/2/2020'),(96,'31/12/2020'),(97,'8/12/2020'),(98,'31/12/2020'),(99,'22/7/2020');
UNLOCK TABLES;

--
-- Table structure for table 'vehicle'
--
CREATE TABLE IF NOT EXISTS VEHICLE_INSURANCE.vehicle (
  `platenumber` varchar(100) NOT NULL,
  `insurance` int(11) NOT NULL,
  `owner` int(11) NOT NULL,
  PRIMARY KEY (`platenumber`),
  KEY `vehicle_fk_1` (`insurance`),
  KEY `vehicle_fk` (`owner`),
  CONSTRAINT `vehicle_fk` FOREIGN KEY (`insurance`) REFERENCES `insurance` (`insurance_id`) ON DELETE CASCADE ON UPDATE cascade,
  CONSTRAINT `vehicle_fk_1` FOREIGN KEY (`owner`) REFERENCES `owner` (`owner_id`) ON DELETE CASCADE ON UPDATE CASCADE
) ENGINE=InnoDB DEFAULT CHARSET=utf8;

--
-- Dumping data for table 'vehicle'
--
LOCK TABLES VEHICLE_INSURANCE.vehicle WRITE;
INSERT INTO VEHICLE_INSURANCE.vehicle VALUES ('AHE-0072',22,978253249),('AHE-0470',86,964141136),('AHE-0471',46,234872587),('AHE-7474',27,483371662),('AME-8756',41,662262784),('AME-8757',20,591712381),('AME-8758',19,617552736),('AME-8759',67,857629321),('EEN-8232',36,435769937),('EET-4788',28,883242245),('EHI-9567',87,172597757),('EHN-1887',49,584635543),('EIO-3583',16,759863592),('EKE-4621',54,653558773),('EKI-1227',30,857773627),('EKY-6122',78,517382636),('EOK-7456',45,431598952),('EOT-9412',12,173757962),('ETH-2865',5,274474213),('ETT-8764',97,218855875),('HAI-9212',93,235375176),('HEI-3466',24,653341121),('HHN-2748',18,274221338),('HKE-8867',1,818386667),('HKM-9977',13,573196555),('HTI-4872',33,625563245),('HTI-7772',69,397235274),('HTO-7818',52,275157765),('IAE-4855',17,338772452),('IET-8623',91,642412445),('IHN-5992',77,568687564),('ITE-2579',7,746368515),('ITK-7338',99,269694388),('ITT-4695',96,746344754),('KAE-4243',39,842327564),('KAO-5287',95,489438135),('KAT-4376',75,598569673),('KAT-8826',71,135831262),('KEA-7852',4,273692696),('KEH-3622',66,614634335),('KEK-7689',3,785276352),('KEK-7825',89,645856447),('KKE-3242',81,981295678),('KKT-2112',6,363353577),('KKT-6316',32,746745952),('KNK-2646',59,157263235),('KNN-5626',64,418586227),('KNT-5237',73,851394267),('KNT-7655',43,165868577),('KOA-6592',62,647628227),('KOE-8456',84,238853296),('KOT-7288',60,752776636),('KPN-8373',2,674979774),('KPT-4354',38,667762123),('KTE-6337',21,478271732),('KTE-8757',74,462371248),('KTH-7722',68,652583685),('KTI-5473',14,768227626),('KXE-6523',63,659244578),('KYE-1337',94,285976844),('KYT-7518',11,436886962),('MBT-3232',70,623437783),('MEN-3483',26,984168537),('MHO-9643',80,755147888),('MPI-1629',31,653132338),('NBK-2826',92,269948358),('NEE-2368',23,352728664),('NEE-4336',79,567347463),('NEP-2462',35,356233876),('NKE-5666',72,736649871),('OHI-2864',37,121722759),('OKK-4664',88,732622633),('OTI-2367',48,479847686),('OTZ-8422',98,482689558),('PIA-3362',58,121722759),('TAT-4735',8,632825377),('TAY-9864',25,772259269),('TET-1685',85,885543168),('TEX-4472',55,675987857),('THI-5298',83,946484452),('THI-6663',15,546441243),('TIT-4897',29,649537453),('TKB-7824',51,885481379),('TKH-2845',42,477278314),('TMK-4799',50,744477362),('TOT-8966',82,663437535),('TPY-8773',47,273585751),('TTH-7363',9,722636846),('TTK-6245',57,563757688),('TTK-8256',40,875447484),('TTT-4837',61,678351696),('TTT-8832',34,554428533),('TTY-6496',76,836788715),('TXP-7536',65,865832383),('XAT-3132',10,674979774),('XEH-3642',56,683433862),('XTE-2748',53,858949495),('XYX-1676',44,726641673),('YEI-3227',90,284882531);
UNLOCK TABLES;